{
  "properties": {
    "connectionReferences": {
      "shared_office365groups": {
        "runtimeSource": "invoker",
        "connection": {
          "connectionReferenceLogicalName": "pagacz_sharedoffice365groups_5594d"
        },
        "api": {
          "name": "shared_office365groups"
        }
      }
    },
    "definition": {
      "$schema": "https://schema.management.azure.com/providers/Microsoft.Logic/schemas/2016-06-01/workflowdefinition.json#",
      "contentVersion": "1.0.0.0",
      "parameters": {
        "$connections": {
          "defaultValue": {},
          "type": "Object"
        },
        "$authentication": {
          "defaultValue": {},
          "type": "SecureObject"
        }
      },
      "triggers": {
        "manual": {
          "metadata": {
            "operationMetadataId": "eeccdf75-c8c6-4fc6-ae88-4a07f26c4503"
          },
          "type": "Request",
          "kind": "PowerApp",
          "inputs": {
            "schema": {
              "type": "object",
              "properties": {
                "SendanHTTPrequestV2_URI": {
                  "type": "string",
                  "description": "The full or relative URI. Example: https://graph.microsoft.com/{version}/{resource}.. This parameter is used as part of \"DBB8A14C-EB3E-49B3-A775-2E544A6CCAEA\"",
                  "x-ms-powerflows-param-ispartial": true
                }
              },
              "required": [
                "SendanHTTPrequestV2_URI"
              ]
            }
          }
        }
      },
      "actions": {
        "Send_an_HTTP_request_V2": {
          "runAfter": {},
          "metadata": {
            "operationMetadataId": "4eca19e4-af0f-4b8c-9497-ba515385f58b"
          },
          "type": "OpenApiConnection",
          "inputs": {
            "host": {
              "connectionName": "shared_office365groups",
              "operationId": "HttpRequestV2",
              "apiId": "/providers/Microsoft.PowerApps/apis/shared_office365groups"
            },
            "parameters": {
              "Uri": "https://graph.microsoft.com/v1.0/groups/@{triggerBody()['SendanHTTPrequestV2_URI']}/owners",
              "Method": "GET",
              "ContentType": "application/json"
            },
            "authentication": {
              "type": "Raw",
              "value": "@json(decodeBase64(triggerOutputs().headers['X-MS-APIM-Tokens']))['$ConnectionKey']"
            }
          }
        },
        "Respond_to_a_PowerApp_or_flow": {
          "runAfter": {
            "Send_an_HTTP_request_V2": [
              "Succeeded"
            ]
          },
          "metadata": {
            "operationMetadataId": "9fcfaf8a-6d03-485e-99f7-685ad182a3c5"
          },
          "type": "Response",
          "kind": "PowerApp",
          "inputs": {
            "statusCode": 200,
            "body": {
              "value": "@{body('Send_an_HTTP_request_V2')}"
            },
            "schema": {
              "type": "object",
              "properties": {
                "value": {
                  "title": "value",
                  "x-ms-dynamically-added": true,
                  "type": "string"
                }
              }
            }
          }
        }
      }
    },
    "templateName": ""
  },
  "schemaVersion": "1.0.0.0"
}