<environmentvariabledefinition schemaname="pagacz_PlannerServiceDeskplanID">
  <description default="You will receive this ID at the end of the establishing flow.">
    <label description="You will receive this ID at the end of the establishing flow." languagecode="1033" />
  </description>
  <displayname default="Planner Service Desk plan ID">
    <label description="Planner Service Desk plan ID" languagecode="1033" />
  </displayname>
  <introducedversion>1.0.0.3</introducedversion>
  <iscustomizable>1</iscustomizable>
  <isrequired>0</isrequired>
  <secretstore>0</secretstore>
  <type>100000000</type>
</environmentvariabledefinition>