<environmentvariabledefinition schemaname="pagacz_AzurePrimarydomain">
  <description default="https://portal.azure.com/#view/Microsoft_AAD_IAM/ActiveDirectoryMenuBlade/~/Overview">
    <label description="https://portal.azure.com/#view/Microsoft_AAD_IAM/ActiveDirectoryMenuBlade/~/Overview" languagecode="1033" />
  </description>
  <displayname default="Azure Primary domain">
    <label description="Azure Primary domain" languagecode="1033" />
  </displayname>
  <introducedversion>1.0.0.3</introducedversion>
  <iscustomizable>1</iscustomizable>
  <isrequired>0</isrequired>
  <secretstore>0</secretstore>
  <type>100000000</type>
</environmentvariabledefinition>