<ImportExportXml xmlns:xsi="http://www.w3.org/2001/XMLSchema-instance">
  <Entities></Entities>
  <Roles></Roles>
  <Workflows>
    <Workflow WorkflowId="{4e5787f0-d063-ed11-9561-000d3adf7790}" Name="Planner on task completion">
      <JsonFileName>/Workflows/Plannerontaskcompletion-4E5787F0-D063-ED11-9561-000D3ADF7790.json</JsonFileName>
      <Type>1</Type>
      <Subprocess>0</Subprocess>
      <Category>5</Category>
      <Mode>0</Mode>
      <Scope>4</Scope>
      <OnDemand>0</OnDemand>
      <TriggerOnCreate>0</TriggerOnCreate>
      <TriggerOnDelete>0</TriggerOnDelete>
      <AsyncAutodelete>0</AsyncAutodelete>
      <SyncWorkflowLogOnFailure>0</SyncWorkflowLogOnFailure>
      <StateCode>1</StateCode>
      <StatusCode>2</StatusCode>
      <RunAs>1</RunAs>
      <IsTransacted>1</IsTransacted>
      <IntroducedVersion>1.0.0.16</IntroducedVersion>
      <IsCustomizable>1</IsCustomizable>
      <BusinessProcessType>0</BusinessProcessType>
      <IsCustomProcessingStepAllowedForOtherPublishers>1</IsCustomProcessingStepAllowedForOtherPublishers>
      <PrimaryEntity>none</PrimaryEntity>
      <LocalizedNames>
        <LocalizedName languagecode="1033" description="Planner on task completion" />
      </LocalizedNames>
    </Workflow>
    <Workflow WorkflowId="{f07ec761-3f62-ed11-9561-000d3adf7fe5}" Name="Get Group owners">
      <JsonFileName>/Workflows/GetGroupowners-F07EC761-3F62-ED11-9561-000D3ADF7FE5.json</JsonFileName>
      <Type>1</Type>
      <Subprocess>0</Subprocess>
      <Category>5</Category>
      <Mode>0</Mode>
      <Scope>4</Scope>
      <OnDemand>0</OnDemand>
      <TriggerOnCreate>0</TriggerOnCreate>
      <TriggerOnDelete>0</TriggerOnDelete>
      <AsyncAutodelete>0</AsyncAutodelete>
      <SyncWorkflowLogOnFailure>0</SyncWorkflowLogOnFailure>
      <StateCode>1</StateCode>
      <StatusCode>2</StatusCode>
      <RunAs>1</RunAs>
      <IsTransacted>1</IsTransacted>
      <IntroducedVersion>1.0.0.1</IntroducedVersion>
      <IsCustomizable>1</IsCustomizable>
      <BusinessProcessType>0</BusinessProcessType>
      <IsCustomProcessingStepAllowedForOtherPublishers>1</IsCustomProcessingStepAllowedForOtherPublishers>
      <PrimaryEntity>none</PrimaryEntity>
      <LocalizedNames>
        <LocalizedName languagecode="1033" description="Get Group owners" />
      </LocalizedNames>
    </Workflow>
    <Workflow WorkflowId="{fe610d9f-c862-ed11-9561-000d3adf7fe5}" Name="Create and send csv" Description="Add a new items into a SharePoint list and then send an email when a button or link in Power Apps is selected.">
      <JsonFileName>/Workflows/Createandsendcsv-FE610D9F-C862-ED11-9561-000D3ADF7FE5.json</JsonFileName>
      <Type>1</Type>
      <Subprocess>0</Subprocess>
      <Category>5</Category>
      <Mode>0</Mode>
      <Scope>4</Scope>
      <OnDemand>0</OnDemand>
      <TriggerOnCreate>0</TriggerOnCreate>
      <TriggerOnDelete>0</TriggerOnDelete>
      <AsyncAutodelete>0</AsyncAutodelete>
      <SyncWorkflowLogOnFailure>0</SyncWorkflowLogOnFailure>
      <StateCode>1</StateCode>
      <StatusCode>2</StatusCode>
      <RunAs>1</RunAs>
      <IsTransacted>1</IsTransacted>
      <IntroducedVersion>1.0</IntroducedVersion>
      <IsCustomizable>1</IsCustomizable>
      <BusinessProcessType>0</BusinessProcessType>
      <IsCustomProcessingStepAllowedForOtherPublishers>1</IsCustomProcessingStepAllowedForOtherPublishers>
      <PrimaryEntity>none</PrimaryEntity>
      <LocalizedNames>
        <LocalizedName languagecode="1033" description="Create and send csv" />
      </LocalizedNames>
      <Descriptions>
        <Description languagecode="1033" description="Add a new items into a SharePoint list and then send an email when a button or link in Power Apps is selected." />
      </Descriptions>
    </Workflow>
    <Workflow WorkflowId="{0117ad40-ce62-ed11-9561-000d3adf7fe5}" Name="ONE OFF Establish Service Desk Components">
      <JsonFileName>/Workflows/ONEOFFEstablishServiceDeskComponents-0117AD40-CE62-ED11-9561-000D3ADF7FE5.json</JsonFileName>
      <Type>1</Type>
      <Subprocess>0</Subprocess>
      <Category>5</Category>
      <Mode>0</Mode>
      <Scope>4</Scope>
      <OnDemand>0</OnDemand>
      <TriggerOnCreate>0</TriggerOnCreate>
      <TriggerOnDelete>0</TriggerOnDelete>
      <AsyncAutodelete>0</AsyncAutodelete>
      <SyncWorkflowLogOnFailure>0</SyncWorkflowLogOnFailure>
      <StateCode>1</StateCode>
      <StatusCode>2</StatusCode>
      <RunAs>1</RunAs>
      <IsTransacted>1</IsTransacted>
      <IntroducedVersion>1.0.0.3</IntroducedVersion>
      <IsCustomizable>1</IsCustomizable>
      <BusinessProcessType>0</BusinessProcessType>
      <IsCustomProcessingStepAllowedForOtherPublishers>1</IsCustomProcessingStepAllowedForOtherPublishers>
      <PrimaryEntity>none</PrimaryEntity>
      <LocalizedNames>
        <LocalizedName languagecode="1033" description="ONE OFF Establish Service Desk Components" />
      </LocalizedNames>
    </Workflow>
  </Workflows>
  <FieldSecurityProfiles></FieldSecurityProfiles>
  <Templates />
  <EntityMaps />
  <EntityRelationships />
  <OrganizationSettings />
  <optionsets />
  <CustomControls />
  <AppModuleSiteMaps>
    <AppModuleSiteMap>
      <SiteMapUniqueName>pagacz_PagaczServiceDeskMDA</SiteMapUniqueName>
      <EnableCollapsibleGroups>True</EnableCollapsibleGroups>
      <ShowHome>True</ShowHome>
      <ShowPinned>True</ShowPinned>
      <ShowRecents>True</ShowRecents>
      <SiteMap IntroducedVersion="7.0.0.0">
        <Area Id="area_86fff79c" ResourceId="SitemapDesigner.NewTitle" DescriptionResourceId="SitemapDesigner.NewTitle" ShowGroups="true" IntroducedVersion="7.0.0.0">
          <Titles>
            <Title LCID="1033" Title="Main" />
          </Titles>
          <Group Id="group_ee09eb23" ResourceId="SitemapDesigner.NewGroup" DescriptionResourceId="SitemapDesigner.NewGroup" IntroducedVersion="7.0.0.0" IsProfile="false" ToolTipResourseId="SitemapDesigner.Unknown">
            <Titles>
              <Title LCID="1033" Title="Admin" />
            </Titles>
            <SubArea Id="subarea_593ff2fa" ResourceId="SitemapDesigner.NewSubArea" Icon="/_imgs/imagestrips/transparent_spacer.gif" Client="All,Outlook,OutlookLaptopClient,OutlookWorkstationClient,Web" AvailableOffline="true" PassParams="false" Sku="All,OnPremise,Live,SPLA" Page="pagacz_welcome_0762a">
              <Titles>
                <Title LCID="1033" Title="Welcome" />
              </Titles>
            </SubArea>
          </Group>
        </Area>
        <Area Id="area_a489b966" ResourceId="SitemapDesigner.NewTitle" DescriptionResourceId="SitemapDesigner.NewTitle" ShowGroups="true" IntroducedVersion="7.0.0.0">
          <Titles>
            <Title LCID="1033" Title="Azure Active Directory" />
          </Titles>
          <Group Id="group_ddb446ca" ResourceId="SitemapDesigner.NewGroup" DescriptionResourceId="SitemapDesigner.NewGroup" IntroducedVersion="7.0.0.0" IsProfile="false" ToolTipResourseId="SitemapDesigner.Unknown">
            <Titles>
              <Title LCID="1033" Title="Manage" />
            </Titles>
            <SubArea Id="subarea_f2752701" ResourceId="SitemapDesigner.NewSubArea" Icon="/_imgs/imagestrips/transparent_spacer.gif" Client="All,Outlook,OutlookLaptopClient,OutlookWorkstationClient,Web" AvailableOffline="true" PassParams="false" Sku="All,OnPremise,Live,SPLA" Page="pagacz_custompageusersingroups_64c56">
              <Titles>
                <Title LCID="1033" Title="Users in Groups" />
              </Titles>
            </SubArea>
          </Group>
        </Area>
        <Area Id="area_0d05eb93" ResourceId="SitemapDesigner.NewTitle" DescriptionResourceId="SitemapDesigner.NewTitle" ShowGroups="true" IntroducedVersion="7.0.0.0">
          <Titles>
            <Title LCID="1033" Title="Links" />
          </Titles>
          <Group Id="group_1b5ed527" ResourceId="SitemapDesigner.NewGroup" DescriptionResourceId="SitemapDesigner.NewGroup" IntroducedVersion="7.0.0.0" IsProfile="false" ToolTipResourseId="SitemapDesigner.Unknown">
            <Titles>
              <Title LCID="1033" Title="Tom Pagacz" />
            </Titles>
            <SubArea Id="subarea_f2060ace" ResourceId="SitemapDesigner.NewSubArea" Icon="/_imgs/imagestrips/transparent_spacer.gif" Url="https://ko-fi.com/iammrrobot" Client="All,Outlook,OutlookLaptopClient,OutlookWorkstationClient,Web" AvailableOffline="true" PassParams="false" Sku="All,OnPremise,Live,SPLA">
              <Titles>
                <Title LCID="1033" Title="Ko-fi" />
              </Titles>
            </SubArea>
            <SubArea Id="subarea_674cbcbf" ResourceId="SitemapDesigner.NewSubArea" Icon="/_imgs/imagestrips/transparent_spacer.gif" Url="https://github.com/tomaszpagacz" Client="All,Outlook,OutlookLaptopClient,OutlookWorkstationClient,Web" AvailableOffline="true" PassParams="false" Sku="All,OnPremise,Live,SPLA">
              <Titles>
                <Title LCID="1033" Title="GitHub" />
              </Titles>
            </SubArea>
            <SubArea Id="subarea_ec1fcf5f" ResourceId="SitemapDesigner.NewSubArea" Icon="/_imgs/imagestrips/transparent_spacer.gif" Url="https://www.youtube.com/@tompagacz" Client="All,Outlook,OutlookLaptopClient,OutlookWorkstationClient,Web" AvailableOffline="true" PassParams="false" Sku="All,OnPremise,Live,SPLA">
              <Titles>
                <Title LCID="1033" Title="YouTube" />
              </Titles>
            </SubArea>
            <SubArea Id="subarea_4fe36ae8" ResourceId="SitemapDesigner.NewSubArea" Icon="/_imgs/imagestrips/transparent_spacer.gif" Url="https://www.linkedin.com/in/tpagacz/" Client="All,Outlook,OutlookLaptopClient,OutlookWorkstationClient,Web" AvailableOffline="true" PassParams="false" Sku="All,OnPremise,Live,SPLA">
              <Titles>
                <Title LCID="1033" Title="LinkedIn" />
              </Titles>
            </SubArea>
            <SubArea Id="subarea_e5d653a5" ResourceId="SitemapDesigner.NewSubArea" Icon="/_imgs/imagestrips/transparent_spacer.gif" Url="https://instagram.com/alazyrobotiam" Client="All,Outlook,OutlookLaptopClient,OutlookWorkstationClient,Web" AvailableOffline="true" PassParams="false" Sku="All,OnPremise,Live,SPLA">
              <Titles>
                <Title LCID="1033" Title="Instagram" />
              </Titles>
            </SubArea>
            <SubArea Id="subarea_36887b42" ResourceId="SitemapDesigner.NewSubArea" Icon="/_imgs/imagestrips/transparent_spacer.gif" Url="https://www.twitch.tv/iamalazyrobot" Client="All,Outlook,OutlookLaptopClient,OutlookWorkstationClient,Web" AvailableOffline="true" PassParams="false" Sku="All,OnPremise,Live,SPLA">
              <Titles>
                <Title LCID="1033" Title="Twitch" />
              </Titles>
            </SubArea>
          </Group>
        </Area>
      </SiteMap>
      <LocalizedNames>
        <LocalizedName description="Pagacz Service Desk MDA" languagecode="1033" />
      </LocalizedNames>
    </AppModuleSiteMap>
  </AppModuleSiteMaps>
  <AppModules>
    <AppModule>
      <UniqueName>pagacz_PagaczServiceDeskMDA</UniqueName>
      <IntroducedVersion>1.0.0.0</IntroducedVersion>
      <WebResourceId>0612a6aa-6b48-4bac-a11e-32d077147686</WebResourceId>
      <OptimizedFor></OptimizedFor>
      <statecode>0</statecode>
      <statuscode>1</statuscode>
      <FormFactor>1</FormFactor>
      <ClientType>4</ClientType>
      <NavigationType>0</NavigationType>
      <AppModuleComponents>
        <AppModuleComponent type="62" schemaName="pagacz_PagaczServiceDeskMDA" />
      </AppModuleComponents>
      <AppModuleRoleMaps>
        <Role id="{627090ff-40a3-4053-8790-584edc5be201}" />
        <Role id="{119f245c-3cc8-4b62-b31c-d1a046ced15d}" />
      </AppModuleRoleMaps>
      <LocalizedNames>
        <LocalizedName description="Pagacz Service Desk MDA" languagecode="1033" />
      </LocalizedNames>
      <appelements>
        <appelement uniquename="pagacz_pagacz_PagaczServiceDeskMDA_canvasappid_pagacz_custompageusersingroups_64c56">
          <canvasappid>
            <name>pagacz_custompageusersingroups_64c56</name>
          </canvasappid>
          <iscustomizable>1</iscustomizable>
          <name>pagacz_pagacz_PagaczServiceDeskMDA_canvasappid_pagacz_custompageusersingroups_64c56</name>
        </appelement>
        <appelement uniquename="pagacz_pagacz_PagaczServiceDeskMDA_canvasappid_pagacz_welcome_0762a">
          <canvasappid>
            <name>pagacz_welcome_0762a</name>
          </canvasappid>
          <iscustomizable>1</iscustomizable>
          <name>pagacz_pagacz_PagaczServiceDeskMDA_canvasappid_pagacz_welcome_0762a</name>
        </appelement>
      </appelements>
    </AppModule>
  </AppModules>
  <EntityDataProviders />
  <CanvasApps>
    <CanvasApp>
      <Name>pagacz_welcome_0762a</Name>
      <AppVersion>2022-11-13T17:22:07Z</AppVersion>
      <Status>Ready</Status>
      <CreatedByClientVersion>3.22105.21.0</CreatedByClientVersion>
      <MinClientVersion>3.22105.21.0</MinClientVersion>
      <Tags>{"primaryDeviceWidth":"1366","primaryDeviceHeight":"768","supportsPortrait":"true","supportsLandscape":"true","primaryFormFactor":"Tablet","publisherVersion":"3.22105.21","minimumRequiredApiVersion":"2.2.0","hasComponent":"false","hasUnlockedComponent":"false","isUnifiedRootApp":"false","sienaVersion":"20221113T172014Z-3.22105.21.0"}</Tags>
      <IsCdsUpgraded>0</IsCdsUpgraded>
      <GalleryItemId xsi:nil="true"></GalleryItemId>
      <BackgroundColor>RGBA(0,176,240,1)</BackgroundColor>
      <DisplayName>Welcome</DisplayName>
      <Description xsi:nil="true"></Description>
      <CommitMessage xsi:nil="true"></CommitMessage>
      <Publisher xsi:nil="true"></Publisher>
      <AuthorizationReferences>[]</AuthorizationReferences>
      <ConnectionReferences>{}</ConnectionReferences>
      <DatabaseReferences>{}</DatabaseReferences>
      <AppComponents>[]</AppComponents>
      <AppComponentDependencies>[]</AppComponentDependencies>
      <CanConsumeAppPass>1</CanConsumeAppPass>
      <CanvasAppType>2</CanvasAppType>
      <BypassConsent>0</BypassConsent>
      <AdminControlBypassConsent>0</AdminControlBypassConsent>
      <EmbeddedApp xsi:nil="true"></EmbeddedApp>
      <IntroducedVersion>1.0</IntroducedVersion>
      <CdsDependencies>{"cdsdependencies":[]}</CdsDependencies>
      <IsCustomizable>1</IsCustomizable>
      <BackgroundImageUri>/CanvasApps/pagacz_welcome_0762a_BackgroundImageUri</BackgroundImageUri>
      <DocumentUri>/CanvasApps/pagacz_welcome_0762a_DocumentUri.msapp</DocumentUri>
    </CanvasApp>
    <CanvasApp>
      <Name>pagacz_custompageusersingroups_64c56</Name>
      <AppVersion>2022-11-20T03:07:38Z</AppVersion>
      <Status>Ready</Status>
      <CreatedByClientVersion>3.22111.19.0</CreatedByClientVersion>
      <MinClientVersion>3.22111.19.0</MinClientVersion>
      <Tags>{"primaryDeviceWidth":"1366","primaryDeviceHeight":"768","sienaVersion":"20221114T021222Z-3.22105.21.0","deviceCapabilities":"","supportsPortrait":"true","supportsLandscape":"true","primaryFormFactor":"Tablet","publisherVersion":"3.22111.19","minimumRequiredApiVersion":"2.2.0","hasComponent":"true","hasUnlockedComponent":"true","isUnifiedRootApp":"false"}</Tags>
      <IsCdsUpgraded>0</IsCdsUpgraded>
      <GalleryItemId xsi:nil="true"></GalleryItemId>
      <BackgroundColor>RGBA(0,176,240,1)</BackgroundColor>
      <DisplayName>Custom Page Users in Groups</DisplayName>
      <Description xsi:nil="true"></Description>
      <CommitMessage xsi:nil="true"></CommitMessage>
      <Publisher xsi:nil="true"></Publisher>
      <AuthorizationReferences>[]</AuthorizationReferences>
      <ConnectionReferences>{"a3f53ae9-c047-4e99-be75-60da596305fb":{"id":"/providers/microsoft.powerapps/apis/shared_office365groups","displayName":"Office 365 Groups","iconUri":"https://connectoricons-prod.azureedge.net/u/juanq/releases/v1.0.1609-localization/1.0.1609.3085/office365groups/icon.png","dataSources":["Office365Groups"],"dependencies":[],"dependents":[],"parameterHints":{},"parameterHintsV2":{},"isOnPremiseConnection":false,"bypassConsent":false,"dataSets":{},"apiTier":"Standard","actions":["ListGroups","ListOwnedGroups_V3","ListGroupMembers","RemoveMemberFromGroup","AddMemberToGroup"]},"818ad681-0cfe-4636-b3f9-d3888e3ceb40":{"id":"/providers/microsoft.powerapps/apis/shared_office365users","displayName":"Office 365 Users","iconUri":"https://connectoricons-prod.azureedge.net/releases/v1.0.1593/1.0.1593.2980/office365users/icon.png","dataSources":["Office365Users"],"dependencies":[],"dependents":[],"parameterHints":{},"parameterHintsV2":{},"isOnPremiseConnection":false,"bypassConsent":false,"dataSets":{},"apiTier":"Standard","actions":["UserPhoto_V2"]},"f2123fee-2206-4b74-bde0-56b93a820237":{"id":"/providers/microsoft.powerapps/apis/shared_logicflows","displayName":"Logic flows","iconUri":"https://connectoricons-prod.azureedge.net/releases/v1.0.1534/1.0.1534.2605/logicflows/icon.png","dataSources":["GetGroupowners"],"dependencies":["808e481a-191d-43d7-bbe4-6ca7359d7c8c"],"dependents":[],"parameterHints":{"workflowName":{"value":"972e743e-f0c3-4019-9249-f4960b887dde"},"workflowEntityId":{"value":"f07ec761-3f62-ed11-9561-000d3adf7fe5"},"808e481a-191d-43d7-bbe4-6ca7359d7c8c":{"value":"shared_office365groups"}},"parameterHintsV2":{"workflowName":{"value":"972e743e-f0c3-4019-9249-f4960b887dde"},"workflowEntityId":{"value":"f07ec761-3f62-ed11-9561-000d3adf7fe5"},"shared_office365groups":{"value":"808e481a-191d-43d7-bbe4-6ca7359d7c8c"}},"isOnPremiseConnection":false,"bypassConsent":false,"dataSets":{},"apiTier":"Standard","actions":["Run"]},"808e481a-191d-43d7-bbe4-6ca7359d7c8c":{"id":"/providers/microsoft.powerapps/apis/shared_office365groups","displayName":"Office 365 Groups","iconUri":"https://connectoricons-prod.azureedge.net/u/juanq/releases/v1.0.1609-localization/1.0.1609.3085/office365groups/icon.png","dataSources":[],"dependencies":[],"dependents":["f2123fee-2206-4b74-bde0-56b93a820237"],"parameterHints":{},"parameterHintsV2":{},"isOnPremiseConnection":false,"bypassConsent":false,"dataSets":{},"apiTier":"Standard"},"fdd0be9f-b786-4f89-889c-a7bc555bbc7a":{"id":"/providers/microsoft.powerapps/apis/shared_logicflows","displayName":"Logic flows","iconUri":"https://connectoricons-prod.azureedge.net/releases/v1.0.1534/1.0.1534.2605/logicflows/icon.png","dataSources":["Createandsendcsv"],"dependencies":["051e994a-ff3d-423a-a87b-1ceb95cf1953","8a2f955f-cc7c-44db-a49c-d2c941cad9b5"],"dependents":[],"parameterHints":{"workflowName":{"value":"c40a09c3-97d1-43b3-837e-debcf4f70c9d"},"workflowEntityId":{"value":"fe610d9f-c862-ed11-9561-000d3adf7fe5"},"051e994a-ff3d-423a-a87b-1ceb95cf1953":{"value":"shared_planner"},"8a2f955f-cc7c-44db-a49c-d2c941cad9b5":{"value":"shared_onedriveforbusiness"}},"parameterHintsV2":{"workflowName":{"value":"c40a09c3-97d1-43b3-837e-debcf4f70c9d"},"workflowEntityId":{"value":"fe610d9f-c862-ed11-9561-000d3adf7fe5"},"shared_planner":{"value":"051e994a-ff3d-423a-a87b-1ceb95cf1953"},"shared_onedriveforbusiness":{"value":"8a2f955f-cc7c-44db-a49c-d2c941cad9b5"}},"isOnPremiseConnection":false,"bypassConsent":false,"dataSets":{},"apiTier":"Standard","actions":["Run"]},"051e994a-ff3d-423a-a87b-1ceb95cf1953":{"id":"/providers/microsoft.powerapps/apis/shared_planner","displayName":"Planner","iconUri":"https://connectoricons-prod.azureedge.net/releases/v1.0.1608/1.0.1608.3079/planner/icon.png","dataSources":[],"dependencies":[],"dependents":["fdd0be9f-b786-4f89-889c-a7bc555bbc7a"],"parameterHints":{},"parameterHintsV2":{},"isOnPremiseConnection":false,"bypassConsent":false,"dataSets":{},"apiTier":"Standard"},"8a2f955f-cc7c-44db-a49c-d2c941cad9b5":{"id":"/providers/microsoft.powerapps/apis/shared_onedriveforbusiness","displayName":"OneDrive for Business","iconUri":"https://connectoricons-prod.azureedge.net/releases/v1.0.1546/1.0.1546.2665/onedriveforbusiness/icon.png","dataSources":[],"dependencies":[],"dependents":["fdd0be9f-b786-4f89-889c-a7bc555bbc7a"],"parameterHints":{},"parameterHintsV2":{},"isOnPremiseConnection":false,"bypassConsent":false,"dataSets":{},"apiTier":"Standard"}}</ConnectionReferences>
      <DatabaseReferences>{"default.cds":{"databaseDetails":{"referenceType":"Environmental","environmentName":"default.cds","overrideValues":{"status":"NotSpecified"}},"dataSources":{"AAD Users":{"entitySetName":"aadusers","logicalName":"aaduser"}},"components":[{"componentName":"CustomControl","identifier":"cat_PowerCAT.CommandBar","identifierType":"LogicalName","capabilities":{"pcfExternalServiceUsageAllowed":false}},{"componentName":"CustomControl","identifier":"cat_PowerCAT.CommandBar","identifierType":"LogicalName","capabilities":{"pcfExternalServiceUsageAllowed":false}},{"componentName":"CustomControl","identifier":"cat_PowerCAT.PeoplePicker","identifierType":"LogicalName","capabilities":{"pcfExternalServiceUsageAllowed":false}}]}}</DatabaseReferences>
      <AppComponents>[]</AppComponents>
      <AppComponentDependencies>[{"appComponentName":"2e88179d732a402184a767c94eab038b","appName":"3a1f01da-64a6-4113-8b0f-cbe77d11f7e7","appComponentLibraryName":"9a3cdabe-96fc-427d-8ce9-8f7039196e52","appComponentLibraryVersion":"2022-11-11T16:08:35Z","appComponentLibraryLogicalName":"cat_powercatcomponentlibrary_0be3a","environmentName":"29ba9195-0a62-efd7-89c4-5d9f2b28dd49"}]</AppComponentDependencies>
      <CanConsumeAppPass>1</CanConsumeAppPass>
      <CanvasAppType>2</CanvasAppType>
      <BypassConsent>0</BypassConsent>
      <AdminControlBypassConsent>0</AdminControlBypassConsent>
      <EmbeddedApp xsi:nil="true"></EmbeddedApp>
      <IntroducedVersion>1.0</IntroducedVersion>
      <CdsDependencies>{"cdsdependencies":[{"logicalname":"aaduser","componenttype":1},{"dependencyid":"","logicalname":"cat_PowerCAT.CommandBar","componenttype":66,"componenttypeplatformname":"CustomControl"},{"dependencyid":"","logicalname":"cat_PowerCAT.CommandBar","componenttype":66,"componenttypeplatformname":"CustomControl"},{"dependencyid":"","logicalname":"cat_PowerCAT.PeoplePicker","componenttype":66,"componenttypeplatformname":"CustomControl"},{"logicalname":"cat_powercatcomponentlibrary_0be3a","componenttype":300,"componenttypeplatformname":"CanvasApp"}]}</CdsDependencies>
      <IsCustomizable>1</IsCustomizable>
      <BackgroundImageUri>/CanvasApps/pagacz_custompageusersingroups_64c56_BackgroundImageUri</BackgroundImageUri>
      <DocumentUri>/CanvasApps/pagacz_custompageusersingroups_64c56_DocumentUri.msapp</DocumentUri>
    </CanvasApp>
  </CanvasApps>
  <connectionreferences>
    <connectionreference connectionreferencelogicalname="pagacz_sharedoffice365groups_5594d">
      <connectionreferencedisplayname>Office 365 Groups 5594d</connectionreferencedisplayname>
      <connectorid>/providers/Microsoft.PowerApps/apis/shared_office365groups</connectorid>
      <iscustomizable>1</iscustomizable>
      <statecode>0</statecode>
      <statuscode>1</statuscode>
    </connectionreference>
    <connectionreference connectionreferencelogicalname="pagacz_sharedoffice365users_a036c">
      <connectionreferencedisplayname>Office 365 Users a036c</connectionreferencedisplayname>
      <connectorid>/providers/Microsoft.PowerApps/apis/shared_office365users</connectorid>
      <iscustomizable>1</iscustomizable>
      <statecode>0</statecode>
      <statuscode>1</statuscode>
    </connectionreference>
    <connectionreference connectionreferencelogicalname="pagacz_sharedonedriveforbusiness_98945">
      <connectionreferencedisplayname>OneDrive for Business 98945</connectionreferencedisplayname>
      <connectorid>/providers/Microsoft.PowerApps/apis/shared_onedriveforbusiness</connectorid>
      <iscustomizable>1</iscustomizable>
      <statecode>0</statecode>
      <statuscode>1</statuscode>
    </connectionreference>
    <connectionreference connectionreferencelogicalname="pagacz_sharedplanner_f97d1">
      <connectionreferencedisplayname>Planner f97d1</connectionreferencedisplayname>
      <connectorid>/providers/Microsoft.PowerApps/apis/shared_planner</connectorid>
      <iscustomizable>1</iscustomizable>
      <statecode>0</statecode>
      <statuscode>1</statuscode>
    </connectionreference>
    <connectionreference connectionreferencelogicalname="pagacz_sharedteams_1ff48">
      <connectionreferencedisplayname>Microsoft Teams 1ff48</connectionreferencedisplayname>
      <connectorid>/providers/Microsoft.PowerApps/apis/shared_teams</connectorid>
      <iscustomizable>1</iscustomizable>
      <statecode>0</statecode>
      <statuscode>1</statuscode>
    </connectionreference>
  </connectionreferences>
  <Languages>
    <Language>1033</Language>
  </Languages>
</ImportExportXml>