<environmentvariabledefinition schemaname="pagacz_MSGraphAPI">
  <defaultvalue>https://graph.microsoft.com/v1.0/</defaultvalue>
  <description default="https://graph.microsoft.com/v1.0/ unless it change">
    <label description="https://graph.microsoft.com/v1.0/ unless it change" languagecode="1033" />
  </description>
  <displayname default="MS Graph API .../">
    <label description="MS Graph API .../" languagecode="1033" />
  </displayname>
  <introducedversion>1.0.0.3</introducedversion>
  <iscustomizable>1</iscustomizable>
  <isrequired>0</isrequired>
  <secretstore>0</secretstore>
  <type>100000000</type>
</environmentvariabledefinition>