{
  "properties": {
    "connectionReferences": {
      "shared_planner": {
        "runtimeSource": "invoker",
        "connection": {
          "connectionReferenceLogicalName": "pagacz_sharedplanner_f97d1"
        },
        "api": {
          "name": "shared_planner"
        }
      },
      "shared_onedriveforbusiness": {
        "runtimeSource": "invoker",
        "connection": {
          "connectionReferenceLogicalName": "pagacz_sharedonedriveforbusiness_98945"
        },
        "api": {
          "name": "shared_onedriveforbusiness"
        }
      }
    },
    "definition": {
      "$schema": "https://schema.management.azure.com/providers/Microsoft.Logic/schemas/2016-06-01/workflowdefinition.json#",
      "contentVersion": "1.0.0.0",
      "parameters": {
        "$connections": {
          "defaultValue": {},
          "type": "Object"
        },
        "$authentication": {
          "defaultValue": {},
          "type": "SecureObject"
        },
        "Planner Service Desk plan ID (pagacz_PlannerServiceDeskplanID)": {
          "defaultValue": "00000000-0000-0000-0000-000000000000",
          "type": "String",
          "metadata": {
            "schemaName": "pagacz_PlannerServiceDeskplanID",
            "description": "You will receive this ID at the end of the establishing flow."
          }
        },
        "Planner Service Desk bucket ID (pagacz_PlannerServiceDeskbucketID)": {
          "defaultValue": "00000000-0000-0000-0000-000000000000",
          "type": "String",
          "metadata": {
            "schemaName": "pagacz_PlannerServiceDeskbucketID",
            "description": "You will receive this ID at the end of the establishing flow."
          }
        }
      },
      "triggers": {
        "manual": {
          "metadata": {
            "operationMetadataId": "d9f24488-3064-4768-98c1-35f2ed31b1f1"
          },
          "type": "Request",
          "kind": "PowerAppV2",
          "inputs": {
            "schema": {
              "type": "object",
              "properties": {
                "text": {
                  "title": "body",
                  "type": "string",
                  "x-ms-dynamically-added": true,
                  "description": "Please enter your input",
                  "x-ms-content-hint": "TEXT"
                },
                "text_1": {
                  "title": "scenario",
                  "type": "string",
                  "x-ms-dynamically-added": true,
                  "description": "Please enter your input",
                  "x-ms-content-hint": "TEXT"
                },
                "text_2": {
                  "title": "group",
                  "type": "string",
                  "x-ms-dynamically-added": true,
                  "description": "Please enter your input",
                  "x-ms-content-hint": "TEXT"
                }
              },
              "required": [
                "text",
                "text_1",
                "text_2"
              ]
            }
          }
        }
      },
      "actions": {
        "Create_CSV_table": {
          "runAfter": {
            "Switch": [
              "Succeeded"
            ]
          },
          "metadata": {
            "operationMetadataId": "0481657d-4e69-459e-82a1-c9c8936cdb98"
          },
          "type": "Table",
          "inputs": {
            "from": "@json(variables('body'))",
            "format": "CSV"
          }
        },
        "Respond_to_a_PowerApp_or_flow": {
          "runAfter": {
            "Update_task_details": [
              "Succeeded"
            ]
          },
          "metadata": {
            "operationMetadataId": "d713c70d-7335-482d-bcfe-a49bf053641f"
          },
          "type": "Response",
          "kind": "PowerApp",
          "inputs": {
            "statusCode": 200,
            "body": {
              "feedback": "@{workflow()}",
              "id": "@{workflow()['run']['name']}"
            },
            "schema": {
              "type": "object",
              "properties": {
                "feedback": {
                  "title": "feedback",
                  "x-ms-dynamically-added": true,
                  "type": "string"
                },
                "id": {
                  "title": "id",
                  "x-ms-dynamically-added": true,
                  "type": "string"
                }
              }
            }
          }
        },
        "Update_task_details": {
          "runAfter": {
            "Create_a_task": [
              "Succeeded"
            ]
          },
          "metadata": {
            "operationMetadataId": "1e8c71a1-f932-40fa-b8ef-eb9947779ac1"
          },
          "type": "OpenApiConnection",
          "inputs": {
            "host": {
              "connectionName": "shared_planner",
              "operationId": "UpdateTaskDetails_V2",
              "apiId": "/providers/Microsoft.PowerApps/apis/shared_planner"
            },
            "parameters": {
              "id": "@outputs('Create_a_task')?['body/id']",
              "body/description": "@outputs('Create_file')?['body/Id']",
              "body/references": [
                {
                  "alias": "Flow run",
                  "resourceLink": "https://make.powerautomate.com/environments/@{workflow()['tags']['environmentName']}/flows/@{workflow()['name']}/runs/@{workflow()['run']['name']}",
                  "type": "Other"
                },
                {
                  "alias": "Azure Group Members",
                  "resourceLink": "https://portal.azure.com/#view/Microsoft_AAD_IAM/GroupDetailsMenuBlade/~/Members/groupId/@{triggerBody()['text_2']}",
                  "type": "Other"
                },
                {
                  "alias": "Link to the file",
                  "resourceLink": "@outputs('Create_share_link_by_path')?['body/WebUrl']",
                  "type": "Excel"
                }
              ],
              "body/checklist": [
                {
                  "id": "1",
                  "title": "Do the job.",
                  "isChecked": false
                },
                {
                  "id": "2",
                  "title": "Complete task in order to dispatch automatic email to the requestor.",
                  "isChecked": false
                }
              ]
            },
            "authentication": "@parameters('$authentication')"
          }
        },
        "Switch": {
          "runAfter": {
            "Initialize_variable_body": [
              "Succeeded"
            ]
          },
          "cases": {
            "Case": {
              "case": "Add",
              "actions": {
                "Parse_JSON": {
                  "runAfter": {},
                  "metadata": {
                    "operationMetadataId": "48a91ce5-7d1d-4d48-a0c3-390871876a24"
                  },
                  "type": "ParseJson",
                  "inputs": {
                    "content": "@triggerBody()['text']",
                    "schema": {
                      "type": "array",
                      "items": {
                        "type": "object",
                        "properties": {
                          "PersonaKey": {
                            "type": "string"
                          }
                        },
                        "required": [
                          "PersonaKey"
                        ]
                      }
                    }
                  }
                },
                "Set_variable": {
                  "runAfter": {
                    "Parse_JSON": [
                      "Succeeded"
                    ]
                  },
                  "type": "SetVariable",
                  "inputs": {
                    "name": "body",
                    "value": "@{body('Parse_JSON')}"
                  }
                },
                "Compose": {
                  "runAfter": {
                    "Set_variable": [
                      "Succeeded"
                    ]
                  },
                  "type": "Compose",
                  "inputs": "@replace(concat('[{\"PersonaKey\":\"Member object ID or user principal name [memberObjectIdOrUpn] Required\"},',slice(variables('body'),1,length(variables('body')))),'\"PersonaKey\"','\"version:v1.0\"')"
                },
                "Set_variable_a": {
                  "runAfter": {
                    "Compose": [
                      "Succeeded"
                    ]
                  },
                  "type": "SetVariable",
                  "inputs": {
                    "name": "body",
                    "value": "@{outputs('Compose')}"
                  }
                }
              }
            },
            "Case_2": {
              "case": "Remove",
              "actions": {
                "Parse_JSON_2": {
                  "runAfter": {},
                  "type": "ParseJson",
                  "inputs": {
                    "content": "@triggerBody()['text']",
                    "schema": {
                      "type": "array",
                      "items": {
                        "type": "object",
                        "properties": {
                          "id": {
                            "type": "string"
                          }
                        },
                        "required": [
                          "id"
                        ]
                      }
                    }
                  }
                },
                "Set_variable_2": {
                  "runAfter": {
                    "Parse_JSON_2": [
                      "Succeeded"
                    ]
                  },
                  "type": "SetVariable",
                  "inputs": {
                    "name": "body",
                    "value": "@{body('Parse_JSON_2')}"
                  }
                },
                "Compose_2": {
                  "runAfter": {
                    "Set_variable_2": [
                      "Succeeded"
                    ]
                  },
                  "type": "Compose",
                  "inputs": "@replace(concat('[{\"id\":\"Member object ID or user principal name [memberObjectIdOrUpn] Required\"},',slice(variables('body'),1,length(variables('body')))),'\"id\"','\"version:v1.0\"')"
                },
                "Set_variable_2_a": {
                  "runAfter": {
                    "Compose_2": [
                      "Succeeded"
                    ]
                  },
                  "type": "SetVariable",
                  "inputs": {
                    "name": "body",
                    "value": "@{outputs('Compose_2')}"
                  }
                }
              }
            }
          },
          "default": {
            "actions": {}
          },
          "expression": "@triggerBody()['text_1']",
          "metadata": {
            "operationMetadataId": "6aa3dbbb-c8ab-4b42-bd59-76fcde934aff"
          },
          "type": "Switch"
        },
        "Initialize_variable_body": {
          "runAfter": {},
          "metadata": {
            "operationMetadataId": "f7f7bb4d-2463-4748-90c9-304aafee3d8e"
          },
          "type": "InitializeVariable",
          "inputs": {
            "variables": [
              {
                "name": "body",
                "type": "string"
              }
            ]
          }
        },
        "Create_file": {
          "runAfter": {
            "Create_CSV_table": [
              "Succeeded"
            ]
          },
          "metadata": {
            "operationMetadataId": "557f96fc-4ba3-4ee2-9979-34a98cf37657"
          },
          "type": "OpenApiConnection",
          "inputs": {
            "host": {
              "connectionName": "shared_onedriveforbusiness",
              "operationId": "CreateFile",
              "apiId": "/providers/Microsoft.PowerApps/apis/shared_onedriveforbusiness"
            },
            "parameters": {
              "folderPath": "/",
              "name": "DO_NOT_DELETE_@{triggerBody()['text_2']}_@{triggerBody()['text_1']}_@{workflow()['run']['name']}.csv",
              "body": "@body('Create_CSV_table')"
            },
            "authentication": "@parameters('$authentication')"
          },
          "runtimeConfiguration": {
            "contentTransfer": {
              "transferMode": "Chunked"
            }
          }
        },
        "Create_share_link_by_path": {
          "runAfter": {
            "Create_file": [
              "Succeeded"
            ]
          },
          "metadata": {
            "operationMetadataId": "3735cc64-7933-4f35-a687-3e1fe4338090"
          },
          "type": "OpenApiConnection",
          "inputs": {
            "host": {
              "connectionName": "shared_onedriveforbusiness",
              "operationId": "CreateShareLinkByPathV2",
              "apiId": "/providers/Microsoft.PowerApps/apis/shared_onedriveforbusiness"
            },
            "parameters": {
              "path": "@outputs('Create_file')?['body/Path']",
              "type": "Edit",
              "scope": "Organization"
            },
            "authentication": "@parameters('$authentication')"
          }
        },
        "Create_a_task": {
          "runAfter": {
            "Create_share_link_by_path": [
              "Succeeded"
            ]
          },
          "metadata": {
            "operationMetadataId": "e1699497-dc86-43bc-9493-1414332406b6"
          },
          "type": "OpenApiConnection",
          "inputs": {
            "host": {
              "connectionName": "shared_planner",
              "operationId": "CreateTask_V4",
              "apiId": "/providers/Microsoft.PowerApps/apis/shared_planner"
            },
            "parameters": {
              "body/groupId": "@triggerBody()['text_2']",
              "body/planId": "@parameters('Planner Service Desk plan ID (pagacz_PlannerServiceDeskplanID)')",
              "body/title": "@{triggerBody()['text_1']} members @{workflow()['run']['name']}",
              "body/bucketId": "@parameters('Planner Service Desk bucket ID (pagacz_PlannerServiceDeskbucketID)')",
              "body/startDateTime": "@outputs('Create_file')?['body/LastModified']",
              "body/assignments": "@trigger()['outputs']['headers']['x-ms-user-email']",
              "body/priority": 1
            },
            "authentication": "@parameters('$authentication')"
          }
        }
      },
      "outputs": {}
    },
    "templateName": "d73f9d6169314b2e86883f23c003fc22"
  },
  "schemaVersion": "1.0.0.0"
}