{
  "properties": {
    "connectionReferences": {
      "shared_planner": {
        "runtimeSource": "invoker",
        "connection": {
          "connectionReferenceLogicalName": "pagacz_sharedplanner_f97d1"
        },
        "api": {
          "name": "shared_planner"
        }
      },
      "shared_teams": {
        "runtimeSource": "invoker",
        "connection": {
          "connectionReferenceLogicalName": "pagacz_sharedteams_1ff48"
        },
        "api": {
          "name": "shared_teams"
        }
      },
      "shared_office365groups": {
        "runtimeSource": "invoker",
        "connection": {
          "connectionReferenceLogicalName": "pagacz_sharedoffice365groups_5594d"
        },
        "api": {
          "name": "shared_office365groups"
        }
      },
      "shared_office365users": {
        "runtimeSource": "invoker",
        "connection": {
          "connectionReferenceLogicalName": "pagacz_sharedoffice365users_a036c"
        },
        "api": {
          "name": "shared_office365users"
        }
      }
    },
    "definition": {
      "$schema": "https://schema.management.azure.com/providers/Microsoft.Logic/schemas/2016-06-01/workflowdefinition.json#",
      "contentVersion": "1.0.0.0",
      "parameters": {
        "$connections": {
          "defaultValue": {},
          "type": "Object"
        },
        "$authentication": {
          "defaultValue": {},
          "type": "SecureObject"
        },
        "MS Graph API .../ (pagacz_MSGraphAPI)": {
          "defaultValue": "https://graph.microsoft.com/v1.0/",
          "type": "String",
          "metadata": {
            "schemaName": "pagacz_MSGraphAPI",
            "description": "https://graph.microsoft.com/v1.0/ unless it change"
          }
        },
        "Group ObjectID for Service Desk Planner (pagacz_GroupObjectIDforServiceDeskPlanner)": {
          "defaultValue": "00000000-0000-0000-0000-000000000000",
          "type": "String",
          "metadata": {
            "schemaName": "pagacz_GroupObjectIDforServiceDeskPlanner",
            "description": "Please provide Object ID (GUID) of the MS Group (not security enabled) for Service Desk tickets. If you do not want to use any existing MS Group type 00000000-0000-0000-0000-000000000000"
          }
        },
        "Azure Primary domain (pagacz_AzurePrimarydomain)": {
          "defaultValue": "iammrrobot.onmicrosoft.com",
          "type": "String",
          "metadata": {
            "schemaName": "pagacz_AzurePrimarydomain",
            "description": "https://portal.azure.com/#view/Microsoft_AAD_IAM/ActiveDirectoryMenuBlade/~/Overview"
          }
        }
      },
      "triggers": {
        "manual": {
          "metadata": {
            "operationMetadataId": "392ff4d2-0ba9-48d2-82d9-aed47b7d3cff"
          },
          "type": "Request",
          "kind": "Button",
          "inputs": {
            "schema": {
              "type": "object",
              "properties": {
                "text": {
                  "title": "Scenario",
                  "type": "string",
                  "x-ms-dynamically-added": true,
                  "description": "Please select your scenario and then go to Teams",
                  "x-ms-content-hint": "TEXT",
                  "enum": [
                    "I do not have dedicated MS Group for Service Desk - prepare everything for me",
                    "I do have dedicated MS Group for Service Desk - I will provide Object ID to Environment Variable"
                  ]
                }
              },
              "required": [
                "text"
              ]
            },
            "headersSchema": {
              "x-ms-user-email-encoded": {
                "title": "User email",
                "type": "string",
                "format": "byte",
                "x-ms-dynamically-added": false
              }
            }
          }
        }
      },
      "actions": {
        "Switch": {
          "runAfter": {
            "Initialize_variable_plannerDefaultBucket": [
              "Succeeded"
            ]
          },
          "cases": {
            "Case": {
              "case": "I do not have dedicated MS Group for Service Desk - prepare everything for me",
              "actions": {
                "Parse_JSON_Create_Group": {
                  "runAfter": {
                    "Send_an_HTTP_request_V2_Create_Group": [
                      "Succeeded"
                    ]
                  },
                  "type": "ParseJson",
                  "inputs": {
                    "content": "@body('Send_an_HTTP_request_V2_Create_Group')",
                    "schema": {
                      "type": "object",
                      "properties": {
                        "@@odata.context": {
                          "type": "string"
                        },
                        "@@odata.id": {
                          "type": "string"
                        },
                        "id": {
                          "type": "string"
                        },
                        "deletedDateTime": {},
                        "classification": {},
                        "createdDateTime": {
                          "type": "string"
                        },
                        "description": {
                          "type": "string"
                        },
                        "displayName": {
                          "type": "string"
                        },
                        "expirationDateTime": {},
                        "groupTypes": {
                          "type": "array"
                        },
                        "isAssignableToRole": {},
                        "mail": {},
                        "mailEnabled": {
                          "type": "boolean"
                        },
                        "mailNickname": {
                          "type": "string"
                        },
                        "membershipRule": {},
                        "membershipRuleProcessingState": {},
                        "onPremisesDomainName": {},
                        "onPremisesLastSyncDateTime": {},
                        "onPremisesNetBiosName": {},
                        "onPremisesSamAccountName": {},
                        "onPremisesSecurityIdentifier": {},
                        "onPremisesSyncEnabled": {},
                        "preferredDataLocation": {},
                        "preferredLanguage": {},
                        "proxyAddresses": {
                          "type": "array"
                        },
                        "renewedDateTime": {
                          "type": "string"
                        },
                        "resourceBehaviorOptions": {
                          "type": "array"
                        },
                        "resourceProvisioningOptions": {
                          "type": "array"
                        },
                        "securityEnabled": {
                          "type": "boolean"
                        },
                        "securityIdentifier": {
                          "type": "string"
                        },
                        "theme": {},
                        "visibility": {},
                        "onPremisesProvisioningErrors": {
                          "type": "array"
                        }
                      }
                    }
                  }
                },
                "Parse_JSON_Create_Planner": {
                  "runAfter": {
                    "Send_an_HTTP_request_Create_Planner": [
                      "Succeeded"
                    ]
                  },
                  "type": "ParseJson",
                  "inputs": {
                    "content": "@body('Send_an_HTTP_request_Create_Planner')",
                    "schema": {
                      "type": "object",
                      "properties": {
                        "@@odata.context": {
                          "type": "string"
                        },
                        "@@odata.etag": {
                          "type": "string"
                        },
                        "createdDateTime": {
                          "type": "string"
                        },
                        "owner": {
                          "type": "string"
                        },
                        "title": {
                          "type": "string"
                        },
                        "id": {
                          "type": "string"
                        },
                        "createdBy": {
                          "type": "object",
                          "properties": {
                            "user": {
                              "type": "object",
                              "properties": {
                                "displayName": {},
                                "id": {
                                  "type": "string"
                                }
                              }
                            },
                            "application": {
                              "type": "object",
                              "properties": {
                                "displayName": {},
                                "id": {
                                  "type": "string"
                                }
                              }
                            }
                          }
                        },
                        "container": {
                          "type": "object",
                          "properties": {
                            "containerId": {
                              "type": "string"
                            },
                            "type": {
                              "type": "string"
                            },
                            "url": {
                              "type": "string"
                            }
                          }
                        }
                      }
                    }
                  }
                },
                "Create_a_bucket_Triage": {
                  "runAfter": {
                    "Apply_to_each": [
                      "Succeeded"
                    ]
                  },
                  "type": "OpenApiConnection",
                  "inputs": {
                    "host": {
                      "connectionName": "shared_planner",
                      "operationId": "CreateBucket_V2",
                      "apiId": "/providers/Microsoft.PowerApps/apis/shared_planner"
                    },
                    "parameters": {
                      "body/name": "Triage",
                      "body/groupId": "@body('Parse_JSON_Create_Group')?['id']",
                      "body/planId": "@body('Parse_JSON_Create_Planner')?['id']"
                    },
                    "authentication": {
                      "type": "Raw",
                      "value": "@json(decodeBase64(triggerOutputs().headers['X-MS-APIM-Tokens']))['$ConnectionKey']"
                    }
                  }
                },
                "List_buckets": {
                  "runAfter": {
                    "Reply_with_a_message_in_a_channel_Update_2": [
                      "Succeeded"
                    ]
                  },
                  "type": "OpenApiConnection",
                  "inputs": {
                    "host": {
                      "connectionName": "shared_planner",
                      "operationId": "ListBuckets_V3",
                      "apiId": "/providers/Microsoft.PowerApps/apis/shared_planner"
                    },
                    "parameters": {
                      "groupId": "@body('Parse_JSON_Create_Group')?['id']",
                      "id": "@body('Parse_JSON_Create_Planner')?['id']"
                    },
                    "authentication": {
                      "type": "Raw",
                      "value": "@json(decodeBase64(triggerOutputs().headers['X-MS-APIM-Tokens']))['$ConnectionKey']"
                    }
                  }
                },
                "Apply_to_each": {
                  "foreach": "@outputs('List_buckets')?['body/value']",
                  "actions": {
                    "Set_variable_plannerDefaultBucket": {
                      "runAfter": {},
                      "type": "SetVariable",
                      "inputs": {
                        "name": "plannerDefaultBucket",
                        "value": "@items('Apply_to_each')?['id']"
                      }
                    }
                  },
                  "runAfter": {
                    "List_buckets": [
                      "Succeeded"
                    ]
                  },
                  "type": "Foreach"
                },
                "Post_message_in_a_chat_or_channel": {
                  "runAfter": {
                    "Apply_to_each_2": [
                      "Succeeded"
                    ]
                  },
                  "type": "OpenApiConnection",
                  "inputs": {
                    "host": {
                      "connectionName": "shared_teams",
                      "operationId": "PostMessageToConversation",
                      "apiId": "/providers/Microsoft.PowerApps/apis/shared_teams"
                    },
                    "parameters": {
                      "poster": "Flow bot",
                      "location": "Channel",
                      "body/recipient/groupId": "@body('Parse_JSON_Create_Group')?['id']",
                      "body/recipient/channelId": "@variables('teamsDefaultChannel')",
                      "body/messageBody": "<p>Hello @{outputs('Get_an_@mention_token_for_a_user')?['body/atMention']},<br>\n<br>\nit is nice that you decided to try with Service Desk by Tom Pagacz.<br>\n<br> \nI am in a hurry to inform you that the Teams has been successfully connected to the group: @{outputs('Post_adaptive_card_and_wait_for_a_response_Case')?['body/data/displayGroupName']}.<br>\nIn this thread you will be informed about progress along with the process.<br>\nI hope you will enjoy.<br>\n<br>\nRegards, Tom<br>\n<br>\n<img id=\"profilePicture\" onclick=\"showAvatarModal()\" aria-label=\"Profile Picture\" loading=\"eager\" alt=\"Profile picture\" src=\"https://iammrrobotpublicblob.blob.core.windows.net/newcontainer/Tom_Pagacz.jpeg\" class=\"kfds-c-srf-profile-image\" style=\"cursor:pointer; box-shadow: 0px 4px 20px rgba(149, 185, 193, 0.2);\">\n</p>"
                    },
                    "authentication": {
                      "type": "Raw",
                      "value": "@json(decodeBase64(triggerOutputs().headers['X-MS-APIM-Tokens']))['$ConnectionKey']"
                    }
                  }
                },
                "List_channels": {
                  "runAfter": {
                    "Get_an_@mention_token_for_a_user": [
                      "Succeeded"
                    ]
                  },
                  "type": "OpenApiConnection",
                  "inputs": {
                    "host": {
                      "connectionName": "shared_teams",
                      "operationId": "GetChannelsForGroup",
                      "apiId": "/providers/Microsoft.PowerApps/apis/shared_teams"
                    },
                    "parameters": {
                      "groupId": "@body('Parse_JSON_Create_Group')?['id']"
                    },
                    "authentication": {
                      "type": "Raw",
                      "value": "@json(decodeBase64(triggerOutputs().headers['X-MS-APIM-Tokens']))['$ConnectionKey']"
                    }
                  }
                },
                "Apply_to_each_2": {
                  "foreach": "@outputs('List_channels')?['body/value']",
                  "actions": {
                    "Set_variable_teamsDefaultChannel_General_channel_ID": {
                      "runAfter": {},
                      "type": "SetVariable",
                      "inputs": {
                        "name": "teamsDefaultChannel",
                        "value": "@items('Apply_to_each_2')?['id']"
                      }
                    }
                  },
                  "runAfter": {
                    "List_channels": [
                      "Succeeded"
                    ]
                  },
                  "type": "Foreach"
                },
                "Reply_with_a_message_in_a_channel_Update": {
                  "runAfter": {
                    "Post_message_in_a_chat_or_channel": [
                      "Succeeded"
                    ]
                  },
                  "type": "OpenApiConnection",
                  "inputs": {
                    "host": {
                      "connectionName": "shared_teams",
                      "operationId": "ReplyWithMessageToConversation",
                      "apiId": "/providers/Microsoft.PowerApps/apis/shared_teams"
                    },
                    "parameters": {
                      "poster": "Flow bot",
                      "location": "Channel",
                      "body/parentMessageId": "@outputs('Post_message_in_a_chat_or_channel')?['body/id']",
                      "body/recipient/groupId": "@body('Parse_JSON_Create_Group')?['id']",
                      "body/recipient/channelId": "@variables('teamsDefaultChannel')",
                      "body/messageBody": "<p>1. Update: @{body('Parse_JSON_Create_Group')?['displayName']} Group was created sucessfully, but you probably already noticed.</p>"
                    },
                    "authentication": {
                      "type": "Raw",
                      "value": "@json(decodeBase64(triggerOutputs().headers['X-MS-APIM-Tokens']))['$ConnectionKey']"
                    }
                  }
                },
                "Reply_with_a_message_in_a_channel_Update_2": {
                  "runAfter": {
                    "Compose": [
                      "Succeeded"
                    ]
                  },
                  "type": "OpenApiConnection",
                  "inputs": {
                    "host": {
                      "connectionName": "shared_teams",
                      "operationId": "ReplyWithMessageToConversation",
                      "apiId": "/providers/Microsoft.PowerApps/apis/shared_teams"
                    },
                    "parameters": {
                      "poster": "Flow bot",
                      "location": "Channel",
                      "body/parentMessageId": "@outputs('Post_message_in_a_chat_or_channel')?['body/id']",
                      "body/recipient/groupId": "@body('Parse_JSON_Create_Group')?['id']",
                      "body/recipient/channelId": "@variables('teamsDefaultChannel')",
                      "body/messageBody": "@outputs('Compose')"
                    },
                    "authentication": {
                      "type": "Raw",
                      "value": "@json(decodeBase64(triggerOutputs().headers['X-MS-APIM-Tokens']))['$ConnectionKey']"
                    }
                  }
                },
                "Compose": {
                  "runAfter": {
                    "Delay_3": [
                      "Succeeded"
                    ]
                  },
                  "type": "Compose",
                  "inputs": "<p>2. Update: @{outputs('Get_an_@mention_token_for_a_user')?['body/atMention']} @{body('Parse_JSON_Create_Planner')?['title']} Planner plan was created sucessfully. https://tasks.office.com/@{parameters('Azure Primary domain (pagacz_AzurePrimarydomain)')}/Home/Planner/#/plantaskboard?groupId=@{body('Parse_JSON_Create_Group')?['id']}&planId=@{body('Parse_JSON_Create_Planner')?['id']} Link to Planner.</a></p>"
                },
                "Reply_with_a_message_in_a_channel_Update_3": {
                  "runAfter": {
                    "Create_a_bucket_Triage": [
                      "Succeeded"
                    ]
                  },
                  "type": "OpenApiConnection",
                  "inputs": {
                    "host": {
                      "connectionName": "shared_teams",
                      "operationId": "ReplyWithMessageToConversation",
                      "apiId": "/providers/Microsoft.PowerApps/apis/shared_teams"
                    },
                    "parameters": {
                      "poster": "Flow bot",
                      "location": "Channel",
                      "body/parentMessageId": "@outputs('Post_message_in_a_chat_or_channel')?['body/id']",
                      "body/recipient/groupId": "@body('Parse_JSON_Create_Group')?['id']",
                      "body/recipient/channelId": "@variables('teamsDefaultChannel')",
                      "body/messageBody": "<p>3. Update: @{outputs('Create_a_bucket_Triage')?['body/name']} bucket <a href=\"https://en.wikipedia.org/wiki/Hyacinth_Bucket\">(bouquet)</a> &nbsp;was successfully created.</p>"
                    },
                    "authentication": {
                      "type": "Raw",
                      "value": "@json(decodeBase64(triggerOutputs().headers['X-MS-APIM-Tokens']))['$ConnectionKey']"
                    }
                  }
                },
                "Send_an_HTTP_request_V2_Create_Group": {
                  "runAfter": {
                    "Post_adaptive_card_and_wait_for_a_response_Case": [
                      "Succeeded"
                    ]
                  },
                  "type": "OpenApiConnection",
                  "inputs": {
                    "host": {
                      "connectionName": "shared_office365groups",
                      "operationId": "HttpRequestV2",
                      "apiId": "/providers/Microsoft.PowerApps/apis/shared_office365groups"
                    },
                    "parameters": {
                      "Uri": "@{parameters('MS Graph API .../ (pagacz_MSGraphAPI)')}groups",
                      "Method": "POST",
                      "Body": "{\n  \"description\": \"Service Desk by Tom Pagacz\",\n  \"displayName\": \"@{outputs('Post_adaptive_card_and_wait_for_a_response_Case')?['body/data/displayGroupName']}\",\n  \"groupTypes\": [\"Unified\"],\n  \"mailEnabled\": true,\n  \"mailNickname\": \"@{outputs('Post_adaptive_card_and_wait_for_a_response_Case')?['body/data/mailNickname']}\",\n  \"securityEnabled\": false,\n  \"owners@odata.bind\": [\n    \"@{parameters('MS Graph API .../ (pagacz_MSGraphAPI)')}users/@{outputs('Get_user_profile_(V2)')?['body/id']}\"\n  ],\n  \"members@odata.bind\": [\n    \"@{parameters('MS Graph API .../ (pagacz_MSGraphAPI)')}users/@{outputs('Get_user_profile_(V2)')?['body/id']}\"\n  ]\n}",
                      "ContentType": "application/json"
                    },
                    "authentication": {
                      "type": "Raw",
                      "value": "@json(decodeBase64(triggerOutputs().headers['X-MS-APIM-Tokens']))['$ConnectionKey']"
                    }
                  },
                  "description": "https://learn.microsoft.com/en-us/graph/api/group-post-groups?view=graph-rest-1.0&tabs=http"
                },
                "Post_adaptive_card_and_wait_for_a_response_Case": {
                  "runAfter": {},
                  "type": "OpenApiConnectionWebhook",
                  "inputs": {
                    "host": {
                      "connectionName": "shared_teams",
                      "operationId": "PostCardAndWaitForResponse",
                      "apiId": "/providers/Microsoft.PowerApps/apis/shared_teams"
                    },
                    "parameters": {
                      "poster": "Flow bot",
                      "location": "Chat with Flow bot",
                      "body/body/messageBody": "{\n    \"type\": \"AdaptiveCard\",\n    \"body\": [\n        {\n            \"type\": \"TextBlock\",\n            \"size\": \"Medium\",\n            \"weight\": \"Bolder\",\n            \"text\": \"Service Desk by Tom Pagacz\"\n        },\n        {\n            \"type\": \"TextBlock\",\n            \"text\": \"Within this Adaptive Card you will find questions that needs to be answered in order to continue with component creation for the Service Desk by Tom Pagacz.\",\n            \"wrap\": true\n        },\n        {\n            \"type\": \"ColumnSet\",\n            \"columns\": [\n                {\n                    \"type\": \"Column\",\n                    \"items\": [\n                        {\n                            \"type\": \"Image\",\n                            \"style\": \"Person\",\n                            \"url\": \"https://iammrrobotpublicblob.blob.core.windows.net/newcontainer/Tom_Pagacz.jpeg\",\n                            \"size\": \"Small\"\n                        }\n                    ],\n                    \"width\": \"auto\"\n                },\n                {\n                    \"type\": \"Column\",\n                    \"items\": [\n                        {\n                            \"type\": \"TextBlock\",\n                            \"weight\": \"Bolder\",\n                            \"text\": \"Tom Pagacz\",\n                            \"wrap\": true\n                        },\n                        {\n                            \"type\": \"TextBlock\",\n                            \"spacing\": \"None\",\n                            \"text\": \"Adaptive Cards? I'm mad about it!\",\n                            \"isSubtle\": true,\n                            \"wrap\": true\n                        }\n                    ],\n                    \"width\": \"stretch\"\n                }\n            ]\n        },\n        {\n            \"type\": \"Input.Text\",\n            \"placeholder\": \"Provide visible name for the group - can have spaces. Max. 100 characters.\",\n            \"id\": \"displayGroupName\",\n            \"label\": \"Group display name\",\n            \"maxLength\": 100,\n            \"value\": \"Service Desk by Tom Pagacz\",\n            \"isRequired\": true,\n            \"errorMessage\": \"Display name is required!\"\n        },\n        {\n            \"type\": \"Input.Text\",\n            \"placeholder\": \"Please provide short, smart name which will appear as prefix for @ of the group. Subject of validation.\",\n            \"id\": \"mailNickname\",\n            \"label\": \"Group mail nickname\",\n            \"isRequired\": true,\n            \"errorMessage\": \"Please provide short and smart nickname without any special characters (max 36).\",\n            \"maxLength\": 36,\n            \"regex\": \"\\\\S+\",\n            \"value\": \"servicedesk\"\n        },\n        {\n            \"type\": \"Input.Text\",\n            \"placeholder\": \"Name for the Planner plan. Max 100 characters.\",\n            \"id\": \"serviceDeskPlannerName\",\n            \"label\": \"Service Desk Planner plan name\",\n            \"maxLength\": 100,\n            \"value\": \"Service Desk plan\",\n            \"isRequired\": true,\n            \"errorMessage\": \"Service Desk Planner plan name is required!\"\n        },\n        {\n            \"type\": \"ActionSet\",\n            \"actions\": [\n                {\n                    \"type\": \"Action.OpenUrl\",\n                    \"title\": \"Other Tom's resources\",\n                    \"id\": \"url\",\n                    \"style\": \"positive\",\n                    \"url\": \"https://ko-fi.com/iammrrobot\"\n                },\n                {\n                    \"type\": \"Action.Submit\",\n                    \"title\": \"Continue with Service Desk creation\",\n                    \"style\": \"positive\",\n                    \"associatedInputs\": \"auto\",\n                    \"id\": \"post\"\n                }\n            ]\n        }\n    ],\n    \"$schema\": \"http://adaptivecards.io/schemas/adaptive-card.json\",\n    \"version\": \"1.4\"\n}",
                      "body/body/updateMessage": "Service Desk creation started!",
                      "body/body/recipient/to": "@{outputs('Get_user_profile_(V2)')?['body/mail']};"
                    },
                    "authentication": {
                      "type": "Raw",
                      "value": "@json(decodeBase64(triggerOutputs().headers['X-MS-APIM-Tokens']))['$ConnectionKey']"
                    }
                  }
                },
                "Reply_with_a_message_in_a_channel_Update_Final": {
                  "runAfter": {
                    "Reply_with_a_message_in_a_channel_Update_3": [
                      "Succeeded"
                    ]
                  },
                  "type": "OpenApiConnection",
                  "inputs": {
                    "host": {
                      "connectionName": "shared_teams",
                      "operationId": "ReplyWithMessageToConversation",
                      "apiId": "/providers/Microsoft.PowerApps/apis/shared_teams"
                    },
                    "parameters": {
                      "poster": "Flow bot",
                      "location": "Channel",
                      "body/parentMessageId": "@outputs('Post_message_in_a_chat_or_channel')?['body/id']",
                      "body/recipient/groupId": "@body('Parse_JSON_Create_Group')?['id']",
                      "body/recipient/channelId": "@variables('teamsDefaultChannel')",
                      "body/messageBody": "<p>Final update: Service Desk by Tom Pagacz was successfully established.<br>\nEnvironment Variable to update:<br>\n<br>\nPlanner Service Desk plan ID: @{outputs('Create_a_bucket_Triage')?['body/planId']}<br>\n<br>\nPlanner Service Desk bucket ID: @{outputs('Create_a_bucket_Triage')?['body/id']}<br>\n<br>\nThank you and have a great day!</p>"
                    },
                    "authentication": {
                      "type": "Raw",
                      "value": "@json(decodeBase64(triggerOutputs().headers['X-MS-APIM-Tokens']))['$ConnectionKey']"
                    }
                  }
                },
                "Delay": {
                  "runAfter": {
                    "Post_message_in_a_chat_or_channel_Wait": [
                      "Succeeded"
                    ]
                  },
                  "type": "Wait",
                  "inputs": {
                    "interval": {
                      "count": 20,
                      "unit": "Minute"
                    }
                  }
                },
                "Send_an_HTTP_request_V2_Add_Teams": {
                  "runAfter": {
                    "Delay": [
                      "Succeeded"
                    ]
                  },
                  "type": "OpenApiConnection",
                  "inputs": {
                    "host": {
                      "connectionName": "shared_office365groups",
                      "operationId": "HttpRequestV2",
                      "apiId": "/providers/Microsoft.PowerApps/apis/shared_office365groups"
                    },
                    "parameters": {
                      "Uri": "@{parameters('MS Graph API .../ (pagacz_MSGraphAPI)')}groups/@{body('Parse_JSON_Create_Group')?['id']}/team",
                      "Method": "PUT",
                      "Body": "{  \n  \"memberSettings\": {\n    \"allowCreatePrivateChannels\": true,\n    \"allowCreateUpdateChannels\": true\n  },\n  \"messagingSettings\": {\n    \"allowUserEditMessages\": true,\n    \"allowUserDeleteMessages\": false\n  },\n  \"funSettings\": {\n    \"allowGiphy\": true,\n    \"giphyContentRating\": \"strict\"\n  }\n}",
                      "ContentType": "application/json"
                    },
                    "authentication": {
                      "type": "Raw",
                      "value": "@json(decodeBase64(triggerOutputs().headers['X-MS-APIM-Tokens']))['$ConnectionKey']"
                    }
                  },
                  "description": "https://learn.microsoft.com/en-us/graph/api/team-put-teams?view=graph-rest-1.0&tabs=http"
                },
                "Delay_2": {
                  "runAfter": {
                    "Send_an_HTTP_request_V2_Add_Teams": [
                      "Succeeded"
                    ]
                  },
                  "type": "Wait",
                  "inputs": {
                    "interval": {
                      "count": 5,
                      "unit": "Minute"
                    }
                  }
                },
                "Delay_3": {
                  "runAfter": {
                    "Parse_JSON_Create_Planner": [
                      "Succeeded"
                    ]
                  },
                  "type": "Wait",
                  "inputs": {
                    "interval": {
                      "count": 5,
                      "unit": "Minute"
                    }
                  }
                },
                "Post_message_in_a_chat_or_channel_Wait": {
                  "runAfter": {
                    "Parse_JSON_Create_Group": [
                      "Succeeded"
                    ]
                  },
                  "type": "OpenApiConnection",
                  "inputs": {
                    "host": {
                      "connectionName": "shared_teams",
                      "operationId": "PostMessageToConversation",
                      "apiId": "/providers/Microsoft.PowerApps/apis/shared_teams"
                    },
                    "parameters": {
                      "poster": "Flow bot",
                      "location": "Chat with Flow bot",
                      "body/recipient": "@{outputs('Get_user_profile_(V2)')?['body/mail']};",
                      "body/messageBody": "<p>Service Desk creation is ongoing!<br>\nGroup has been created.<br>\nNext update is expected in 25 minutes due to service replication.</p>",
                      "body/isAlert": false
                    },
                    "authentication": {
                      "type": "Raw",
                      "value": "@json(decodeBase64(triggerOutputs().headers['X-MS-APIM-Tokens']))['$ConnectionKey']"
                    }
                  }
                },
                "Get_an_@mention_token_for_a_user": {
                  "runAfter": {
                    "Delay_2": [
                      "Succeeded"
                    ]
                  },
                  "type": "OpenApiConnection",
                  "inputs": {
                    "host": {
                      "connectionName": "shared_teams",
                      "operationId": "AtMentionUser",
                      "apiId": "/providers/Microsoft.PowerApps/apis/shared_teams"
                    },
                    "parameters": {
                      "userId": "@outputs('Get_user_profile_(V2)')?['body/userPrincipalName']"
                    },
                    "authentication": {
                      "type": "Raw",
                      "value": "@json(decodeBase64(triggerOutputs().headers['X-MS-APIM-Tokens']))['$ConnectionKey']"
                    }
                  }
                },
                "Send_an_HTTP_request_Create_Planner": {
                  "runAfter": {
                    "Reply_with_a_message_in_a_channel_Update": [
                      "Succeeded"
                    ]
                  },
                  "type": "OpenApiConnection",
                  "inputs": {
                    "host": {
                      "connectionName": "shared_office365groups",
                      "operationId": "HttpRequest",
                      "apiId": "/providers/Microsoft.PowerApps/apis/shared_office365groups"
                    },
                    "parameters": {
                      "Uri": "@{parameters('MS Graph API .../ (pagacz_MSGraphAPI)')}planner/plans",
                      "Method": "POST",
                      "Body": "{\n\"owner\": \"@{body('Parse_JSON_Create_Group')?['id']}\",\n\"title\": \"@{outputs('Post_adaptive_card_and_wait_for_a_response_Case')?['body/data/serviceDeskPlannerName']}\"\n}",
                      "ContentType": "application/json"
                    },
                    "authentication": {
                      "type": "Raw",
                      "value": "@json(decodeBase64(triggerOutputs().headers['X-MS-APIM-Tokens']))['$ConnectionKey']"
                    }
                  },
                  "description": "https://learn.microsoft.com/en-us/graph/api/planner-post-plans?view=graph-rest-1.0&tabs=http"
                }
              }
            },
            "Case_2": {
              "case": "I do have dedicated MS Group for Service Desk - I will provide Object ID to Environment Variable",
              "actions": {
                "Post_adaptive_card_and_wait_for_a_response": {
                  "runAfter": {},
                  "type": "OpenApiConnectionWebhook",
                  "inputs": {
                    "host": {
                      "connectionName": "shared_teams",
                      "operationId": "PostCardAndWaitForResponse",
                      "apiId": "/providers/Microsoft.PowerApps/apis/shared_teams"
                    },
                    "parameters": {
                      "poster": "Flow bot",
                      "location": "Chat with Flow bot",
                      "body/body/messageBody": "{\n    \"type\": \"AdaptiveCard\",\n    \"body\": [\n        {\n            \"type\": \"TextBlock\",\n            \"size\": \"Medium\",\n            \"weight\": \"Bolder\",\n            \"text\": \"Service Desk by Tom Pagacz\"\n        },\n        {\n            \"type\": \"TextBlock\",\n            \"text\": \"Within this Adaptive Card you will find questions that needs to be answered in order to continue with component creation for the Service Desk by Tom Pagacz.\",\n            \"wrap\": true\n        },\n        {\n            \"type\": \"ColumnSet\",\n            \"columns\": [\n                {\n                    \"type\": \"Column\",\n                    \"items\": [\n                        {\n                            \"type\": \"Image\",\n                            \"style\": \"Person\",\n                            \"url\": \"https://iammrrobotpublicblob.blob.core.windows.net/newcontainer/Tom_Pagacz.jpeg\",\n                            \"size\": \"Small\"\n                        }\n                    ],\n                    \"width\": \"auto\"\n                },\n                {\n                    \"type\": \"Column\",\n                    \"items\": [\n                        {\n                            \"type\": \"TextBlock\",\n                            \"weight\": \"Bolder\",\n                            \"text\": \"Tom Pagacz\",\n                            \"wrap\": true\n                        },\n                        {\n                            \"type\": \"TextBlock\",\n                            \"spacing\": \"None\",\n                            \"text\": \"Adaptive Card Fan\",\n                            \"isSubtle\": true,\n                            \"wrap\": true\n                        }\n                    ],\n                    \"width\": \"stretch\"\n                }\n            ]\n        },\n        {\n            \"type\": \"Input.Text\",\n            \"placeholder\": \"Name for the Planner plan. Max 100 characters.\",\n            \"id\": \"serviceDeskPlannerName\",\n            \"label\": \"Service Desk Planner plan name\",\n            \"maxLength\": 100,\n            \"value\": \"Service Desk plan\",\n            \"isRequired\": true,\n            \"errorMessage\": \"Service Desk Planner plan name is required!\"\n        },\n        {\n            \"type\": \"ActionSet\",\n            \"actions\": [\n                {\n                    \"type\": \"Action.OpenUrl\",\n                    \"title\": \"Other Tom's resources\",\n                    \"id\": \"url\",\n                    \"style\": \"positive\",\n                    \"url\": \"https://ko-fi.com/iammrrobot\"\n                },\n                {\n                    \"type\": \"Action.Submit\",\n                    \"title\": \"Continue with Service Desk creation\",\n                    \"style\": \"positive\",\n                    \"associatedInputs\": \"auto\",\n                    \"id\": \"post\"\n                }\n            ]\n        }\n    ],\n    \"$schema\": \"http://adaptivecards.io/schemas/adaptive-card.json\",\n    \"version\": \"1.4\"\n}",
                      "body/body/updateMessage": "Service Desk creation is ongoing!",
                      "body/body/recipient/to": "@{outputs('Get_user_profile_(V2)')?['body/mail']};"
                    },
                    "authentication": {
                      "type": "Raw",
                      "value": "@json(decodeBase64(triggerOutputs().headers['X-MS-APIM-Tokens']))['$ConnectionKey']"
                    }
                  }
                },
                "Parse_JSON_Create_Planner_2": {
                  "runAfter": {
                    "Send_an_HTTP_request_Create_Planner_2": [
                      "Succeeded"
                    ]
                  },
                  "type": "ParseJson",
                  "inputs": {
                    "content": "@body('Send_an_HTTP_request_Create_Planner_2')",
                    "schema": {
                      "type": "object",
                      "properties": {
                        "@@odata.context": {
                          "type": "string"
                        },
                        "@@odata.etag": {
                          "type": "string"
                        },
                        "createdDateTime": {
                          "type": "string"
                        },
                        "owner": {
                          "type": "string"
                        },
                        "title": {
                          "type": "string"
                        },
                        "id": {
                          "type": "string"
                        },
                        "createdBy": {
                          "type": "object",
                          "properties": {
                            "user": {
                              "type": "object",
                              "properties": {
                                "displayName": {},
                                "id": {
                                  "type": "string"
                                }
                              }
                            },
                            "application": {
                              "type": "object",
                              "properties": {
                                "displayName": {},
                                "id": {
                                  "type": "string"
                                }
                              }
                            }
                          }
                        },
                        "container": {
                          "type": "object",
                          "properties": {
                            "containerId": {
                              "type": "string"
                            },
                            "type": {
                              "type": "string"
                            },
                            "url": {
                              "type": "string"
                            }
                          }
                        }
                      }
                    }
                  }
                },
                "Compose_2": {
                  "runAfter": {
                    "Delay_4": [
                      "Succeeded"
                    ]
                  },
                  "type": "Compose",
                  "inputs": "@{body('Parse_JSON_Create_Planner_2')?['title']} Planner plan was created sucessfully. <a href=\"https://tasks.office.com/@{parameters('Azure Primary domain (pagacz_AzurePrimarydomain)')}/Home/Planner/#/plantaskboard?groupId=@{parameters('Group ObjectID for Service Desk Planner (pagacz_GroupObjectIDforServiceDeskPlanner)')}&planId=@{body('Parse_JSON_Create_Planner_2')?['id']}&nbsp;Link to Planner.</a><br>"
                },
                "List_buckets_2": {
                  "runAfter": {
                    "Compose_2": [
                      "Succeeded"
                    ]
                  },
                  "type": "OpenApiConnection",
                  "inputs": {
                    "host": {
                      "connectionName": "shared_planner",
                      "operationId": "ListBuckets_V3",
                      "apiId": "/providers/Microsoft.PowerApps/apis/shared_planner"
                    },
                    "parameters": {
                      "groupId": "@parameters('Group ObjectID for Service Desk Planner (pagacz_GroupObjectIDforServiceDeskPlanner)')",
                      "id": "@body('Parse_JSON_Create_Planner_2')?['id']"
                    },
                    "authentication": {
                      "type": "Raw",
                      "value": "@json(decodeBase64(triggerOutputs().headers['X-MS-APIM-Tokens']))['$ConnectionKey']"
                    }
                  }
                },
                "Apply_to_each_3": {
                  "foreach": "@outputs('List_buckets_2')?['body/value']",
                  "actions": {
                    "Set_variable_plannerDefaultBucket_2": {
                      "runAfter": {},
                      "type": "SetVariable",
                      "inputs": {
                        "name": "plannerDefaultBucket",
                        "value": "@items('Apply_to_each_3')?['id']"
                      }
                    }
                  },
                  "runAfter": {
                    "List_buckets_2": [
                      "Succeeded"
                    ]
                  },
                  "type": "Foreach"
                },
                "Create_a_bucket_Triage_2": {
                  "runAfter": {
                    "Apply_to_each_3": [
                      "Succeeded"
                    ]
                  },
                  "type": "OpenApiConnection",
                  "inputs": {
                    "host": {
                      "connectionName": "shared_planner",
                      "operationId": "CreateBucket_V2",
                      "apiId": "/providers/Microsoft.PowerApps/apis/shared_planner"
                    },
                    "parameters": {
                      "body/name": "Triage",
                      "body/groupId": "@parameters('Group ObjectID for Service Desk Planner (pagacz_GroupObjectIDforServiceDeskPlanner)')",
                      "body/planId": "@body('Parse_JSON_Create_Planner_2')?['id']"
                    },
                    "authentication": {
                      "type": "Raw",
                      "value": "@json(decodeBase64(triggerOutputs().headers['X-MS-APIM-Tokens']))['$ConnectionKey']"
                    }
                  }
                },
                "Post_message_in_a_chat_or_channel_2": {
                  "runAfter": {
                    "Create_a_bucket_Triage_2": [
                      "Succeeded"
                    ]
                  },
                  "type": "OpenApiConnection",
                  "inputs": {
                    "host": {
                      "connectionName": "shared_teams",
                      "operationId": "PostMessageToConversation",
                      "apiId": "/providers/Microsoft.PowerApps/apis/shared_teams"
                    },
                    "parameters": {
                      "poster": "Flow bot",
                      "location": "Chat with Flow bot",
                      "body/recipient": "@{outputs('Get_user_profile_(V2)')?['body/mail']};",
                      "body/messageBody": "<p>Hello @{outputs('Get_user_profile_(V2)')?['body/givenName']},<br>\n<br>\nit is nice that you decided to try with Service Desk by Tom Pagacz.<br>\n@{outputs('Compose_2')}\n@{outputs('Create_a_bucket_Triage_2')?['body/name']} bucket <a href=\"https://en.wikipedia.org/wiki/Hyacinth_Bucket\">(bouquet)</a> &nbsp;was successfully created.<br>\nEnvironment Variable to update:<br>\nPlanner Service Desk plan ID: @{outputs('Create_a_bucket_Triage_2')?['body/planId']}<br>\nPlanner Service Desk bucket ID: @{outputs('Create_a_bucket_Triage_2')?['body/id']}<br>\n<br>\nService Desk by Tom Pagacz was successfully established. Thank you and have a great day! <br>\n<br>\nRegards, Tom<br>\n<br>\n<img id=\"profilePicture\" onclick=\"showAvatarModal()\" aria-label=\"Profile Picture\" loading=\"eager\" alt=\"Profile picture\" src=\"https://iammrrobotpublicblob.blob.core.windows.net/newcontainer/Tom_Pagacz.jpeg\" class=\"kfds-c-srf-profile-image\" style=\"cursor:pointer; box-shadow: 0px 4px 20px rgba(149, 185, 193, 0.2);\">\n</p>",
                      "body/isAlert": true
                    },
                    "authentication": {
                      "type": "Raw",
                      "value": "@json(decodeBase64(triggerOutputs().headers['X-MS-APIM-Tokens']))['$ConnectionKey']"
                    }
                  }
                },
                "Delay_4": {
                  "runAfter": {
                    "Parse_JSON_Create_Planner_2": [
                      "Succeeded"
                    ]
                  },
                  "type": "Wait",
                  "inputs": {
                    "interval": {
                      "count": 5,
                      "unit": "Minute"
                    }
                  }
                },
                "Send_an_HTTP_request_Create_Planner_2": {
                  "runAfter": {
                    "Post_adaptive_card_and_wait_for_a_response": [
                      "Succeeded"
                    ]
                  },
                  "type": "OpenApiConnection",
                  "inputs": {
                    "host": {
                      "connectionName": "shared_office365groups",
                      "operationId": "HttpRequest",
                      "apiId": "/providers/Microsoft.PowerApps/apis/shared_office365groups"
                    },
                    "parameters": {
                      "Uri": "@{parameters('MS Graph API .../ (pagacz_MSGraphAPI)')}planner/plans",
                      "Method": "POST",
                      "Body": "{\n\"owner\": \"@{parameters('Group ObjectID for Service Desk Planner (pagacz_GroupObjectIDforServiceDeskPlanner)')}\",\n\"title\": \"@{outputs('Post_adaptive_card_and_wait_for_a_response')?['body/data/serviceDeskPlannerName']}\"\n}",
                      "ContentType": "application/json"
                    },
                    "authentication": {
                      "type": "Raw",
                      "value": "@json(decodeBase64(triggerOutputs().headers['X-MS-APIM-Tokens']))['$ConnectionKey']"
                    }
                  },
                  "description": "https://learn.microsoft.com/en-us/graph/api/planner-post-plans?view=graph-rest-1.0&tabs=http"
                }
              }
            }
          },
          "default": {
            "actions": {}
          },
          "expression": "@triggerBody()['text']",
          "metadata": {
            "operationMetadataId": "1c45c4f0-ef51-4fd0-9b42-16a32a9e0e9c"
          },
          "type": "Switch"
        },
        "Get_user_profile_(V2)": {
          "runAfter": {},
          "metadata": {
            "operationMetadataId": "bf9dd96d-7ca5-420d-b637-e08c4cd51bce"
          },
          "type": "OpenApiConnection",
          "inputs": {
            "host": {
              "connectionName": "shared_office365users",
              "operationId": "UserProfile_V2",
              "apiId": "/providers/Microsoft.PowerApps/apis/shared_office365users"
            },
            "parameters": {
              "id": "@triggerOutputs()['headers']['x-ms-user-email-encoded']"
            },
            "authentication": {
              "type": "Raw",
              "value": "@json(decodeBase64(triggerOutputs().headers['X-MS-APIM-Tokens']))['$ConnectionKey']"
            }
          }
        },
        "Initialize_variable_teamsDefaultChannel": {
          "runAfter": {
            "Get_user_profile_(V2)": [
              "Succeeded"
            ]
          },
          "metadata": {
            "operationMetadataId": "4cabf18d-4781-44ad-bc90-c1e113212faa"
          },
          "type": "InitializeVariable",
          "inputs": {
            "variables": [
              {
                "name": "teamsDefaultChannel",
                "type": "string"
              }
            ]
          }
        },
        "Initialize_variable_plannerDefaultBucket": {
          "runAfter": {
            "Initialize_variable_teamsDefaultChannel": [
              "Succeeded"
            ]
          },
          "metadata": {
            "operationMetadataId": "bd287c89-5ce6-4980-bad9-f0ef6aa528a6"
          },
          "type": "InitializeVariable",
          "inputs": {
            "variables": [
              {
                "name": "plannerDefaultBucket",
                "type": "string"
              }
            ]
          }
        }
      }
    },
    "templateName": ""
  },
  "schemaVersion": "1.0.0.0"
}