{
  "properties": {
    "connectionReferences": {
      "shared_planner": {
        "runtimeSource": "embedded",
        "connection": {
          "connectionReferenceLogicalName": "pagacz_sharedplanner_f97d1"
        },
        "api": {
          "name": "shared_planner"
        }
      }
    },
    "definition": {
      "$schema": "https://schema.management.azure.com/providers/Microsoft.Logic/schemas/2016-06-01/workflowdefinition.json#",
      "contentVersion": "1.0.0.0",
      "parameters": {
        "$connections": {
          "defaultValue": {},
          "type": "Object"
        },
        "$authentication": {
          "defaultValue": {},
          "type": "SecureObject"
        },
        "Planner Service Desk plan ID (pagacz_PlannerServiceDeskplanID)": {
          "defaultValue": "00000000-0000-0000-0000-000000000000",
          "type": "String",
          "metadata": {
            "schemaName": "pagacz_PlannerServiceDeskplanID",
            "description": "You will receive this ID at the end of the establishing flow."
          }
        },
        "Planner Service Desk Group ID (pagacz_PlannerServiceDeskGroupID)": {
          "defaultValue": "00000000-0000-0000-0000-000000000000",
          "type": "String",
          "metadata": {
            "schemaName": "pagacz_PlannerServiceDeskGroupID",
            "description": "Please provide Object ID of the Service Desk Planner Group"
          }
        }
      },
      "triggers": {
        "When_a_task_is_completed": {
          "recurrence": {
            "interval": 1,
            "frequency": "Minute"
          },
          "splitOn": "@triggerOutputs()?['body/value']",
          "metadata": {
            "operationMetadataId": "9b5593d8-b10e-474b-a55f-7b57afa87598"
          },
          "type": "OpenApiConnection",
          "inputs": {
            "host": {
              "connectionName": "shared_planner",
              "operationId": "OnCompleteTask_V3",
              "apiId": "/providers/Microsoft.PowerApps/apis/shared_planner"
            },
            "parameters": {
              "groupId": "@parameters('Planner Service Desk Group ID (pagacz_PlannerServiceDeskGroupID)')",
              "id": "@parameters('Planner Service Desk plan ID (pagacz_PlannerServiceDeskplanID)')"
            },
            "authentication": "@parameters('$authentication')"
          }
        }
      },
      "actions": {
        "Compose": {
          "runAfter": {},
          "metadata": {
            "operationMetadataId": "bdbfe94e-5771-451f-b5f2-f5a81bdb0dbb"
          },
          "type": "Compose",
          "inputs": "@triggerOutputs()?['body/id']"
        }
      }
    },
    "templateName": ""
  },
  "schemaVersion": "1.0.0.0"
}