<ImportExportXml version="9.2.22103.194" SolutionPackageVersion="9.2" languagecode="1033" generatedBy="CrmLive" xmlns:xsi="http://www.w3.org/2001/XMLSchema-instance">
  <SolutionManifest>
    <UniqueName>PagaczServiceDesk</UniqueName>
    <LocalizedNames>
      <LocalizedName description="Pagacz Service Desk" languagecode="1033" />
    </LocalizedNames>
    <Descriptions />
    <Version>1.0.0.17</Version>
    <Managed>0</Managed>
    <Publisher>
      <UniqueName>Tomasz_Pagacz</UniqueName>
      <LocalizedNames>
        <LocalizedName description="Tomasz Pagacz" languagecode="1033" />
      </LocalizedNames>
      <Descriptions />
      <EMailAddress>tomasz.pagacz@hotmail.com</EMailAddress>
      <SupportingWebsiteUrl>https://ko-fi.com/iammrrobot</SupportingWebsiteUrl>
      <CustomizationPrefix>pagacz</CustomizationPrefix>
      <CustomizationOptionValuePrefix>56558</CustomizationOptionValuePrefix>
      <Addresses>
        <Address>
          <AddressNumber>1</AddressNumber>
          <AddressTypeCode>1</AddressTypeCode>
          <City>Kraków</City>
          <County xsi:nil="true"></County>
          <Country>Poland</Country>
          <Fax xsi:nil="true"></Fax>
          <FreightTermsCode xsi:nil="true"></FreightTermsCode>
          <ImportSequenceNumber xsi:nil="true"></ImportSequenceNumber>
          <Latitude xsi:nil="true"></Latitude>
          <Line1 xsi:nil="true"></Line1>
          <Line2 xsi:nil="true"></Line2>
          <Line3 xsi:nil="true"></Line3>
          <Longitude xsi:nil="true"></Longitude>
          <Name xsi:nil="true"></Name>
          <PostalCode xsi:nil="true"></PostalCode>
          <PostOfficeBox xsi:nil="true"></PostOfficeBox>
          <PrimaryContactName xsi:nil="true"></PrimaryContactName>
          <ShippingMethodCode>1</ShippingMethodCode>
          <StateOrProvince xsi:nil="true"></StateOrProvince>
          <Telephone1>+48793151901</Telephone1>
          <Telephone2 xsi:nil="true"></Telephone2>
          <Telephone3 xsi:nil="true"></Telephone3>
          <TimeZoneRuleVersionNumber xsi:nil="true"></TimeZoneRuleVersionNumber>
          <UPSZone xsi:nil="true"></UPSZone>
          <UTCOffset xsi:nil="true"></UTCOffset>
          <UTCConversionTimeZoneCode xsi:nil="true"></UTCConversionTimeZoneCode>
        </Address>
        <Address>
          <AddressNumber>2</AddressNumber>
          <AddressTypeCode>1</AddressTypeCode>
          <City xsi:nil="true"></City>
          <County xsi:nil="true"></County>
          <Country xsi:nil="true"></Country>
          <Fax xsi:nil="true"></Fax>
          <FreightTermsCode xsi:nil="true"></FreightTermsCode>
          <ImportSequenceNumber xsi:nil="true"></ImportSequenceNumber>
          <Latitude xsi:nil="true"></Latitude>
          <Line1 xsi:nil="true"></Line1>
          <Line2 xsi:nil="true"></Line2>
          <Line3 xsi:nil="true"></Line3>
          <Longitude xsi:nil="true"></Longitude>
          <Name xsi:nil="true"></Name>
          <PostalCode xsi:nil="true"></PostalCode>
          <PostOfficeBox xsi:nil="true"></PostOfficeBox>
          <PrimaryContactName xsi:nil="true"></PrimaryContactName>
          <ShippingMethodCode>1</ShippingMethodCode>
          <StateOrProvince xsi:nil="true"></StateOrProvince>
          <Telephone1 xsi:nil="true"></Telephone1>
          <Telephone2 xsi:nil="true"></Telephone2>
          <Telephone3 xsi:nil="true"></Telephone3>
          <TimeZoneRuleVersionNumber xsi:nil="true"></TimeZoneRuleVersionNumber>
          <UPSZone xsi:nil="true"></UPSZone>
          <UTCOffset xsi:nil="true"></UTCOffset>
          <UTCConversionTimeZoneCode xsi:nil="true"></UTCConversionTimeZoneCode>
        </Address>
      </Addresses>
    </Publisher>
    <RootComponents>
      <RootComponent type="29" id="{0117ad40-ce62-ed11-9561-000d3adf7fe5}" behavior="0" />
      <RootComponent type="29" id="{4e5787f0-d063-ed11-9561-000d3adf7790}" behavior="0" />
      <RootComponent type="29" id="{f07ec761-3f62-ed11-9561-000d3adf7fe5}" behavior="0" />
      <RootComponent type="29" id="{fe610d9f-c862-ed11-9561-000d3adf7fe5}" behavior="0" />
      <RootComponent type="62" schemaName="pagacz_PagaczServiceDeskMDA" behavior="0" />
      <RootComponent type="80" schemaName="pagacz_PagaczServiceDeskMDA" behavior="0" />
      <RootComponent type="300" schemaName="pagacz_custompageusersingroups_64c56" behavior="0" />
      <RootComponent type="300" schemaName="pagacz_welcome_0762a" behavior="0" />
    </RootComponents>
    <MissingDependencies>
      <MissingDependency>
        <Required type="1" schemaName="aaduser" displayName="AAD User" solution="MetadataExtension (1.0.2.24)" />
        <Dependent type="300" schemaName="pagacz_custompageusersingroups_64c56" displayName="Custom Page Users in Groups" />
      </MissingDependency>
      <MissingDependency>
        <Required type="300" schemaName="cat_powercatcomponentlibrary_0be3a" displayName="Power CAT Component Library" solution="CreatorKitCore (1.0.20221102.3)" />
        <Dependent type="300" schemaName="pagacz_custompageusersingroups_64c56" displayName="Custom Page Users in Groups" />
      </MissingDependency>
      <MissingDependency>
        <Required type="66" schemaName="cat_PowerCAT.CommandBar" displayName="cat_PowerCAT.CommandBar" solution="CreatorKitCore (1.0.20221102.3)" />
        <Dependent type="300" schemaName="pagacz_custompageusersingroups_64c56" displayName="Custom Page Users in Groups" />
      </MissingDependency>
      <MissingDependency>
        <Required type="66" schemaName="cat_PowerCAT.PeoplePicker" displayName="cat_PowerCAT.PeoplePicker" solution="CreatorKitCore (1.0.20221102.3)" />
        <Dependent type="300" schemaName="pagacz_custompageusersingroups_64c56" displayName="Custom Page Users in Groups" />
      </MissingDependency>
    </MissingDependencies>
  </SolutionManifest>
</ImportExportXml>