<environmentvariabledefinition schemaname="pagacz_PlannerServiceDeskGroupID">
  <description default="Please provide Object ID of the Service Desk Planner Group">
    <label description="Please provide Object ID of the Service Desk Planner Group" languagecode="1033" />
  </description>
  <displayname default="Planner Service Desk Group ID">
    <label description="Planner Service Desk Group ID" languagecode="1033" />
  </displayname>
  <introducedversion>1.0.0.16</introducedversion>
  <iscustomizable>1</iscustomizable>
  <isrequired>0</isrequired>
  <secretstore>0</secretstore>
  <type>100000000</type>
</environmentvariabledefinition>