<environmentvariabledefinition schemaname="pagacz_GroupObjectIDforServiceDeskPlanner">
  <description default="Please provide Object ID (GUID) of the MS Group (not security enabled) for Service Desk tickets. If you do not want to use any existing MS Group type 00000000-0000-0000-0000-000000000000">
    <label description="Please provide Object ID (GUID) of the MS Group (not security enabled) for Service Desk tickets. If you do not want to use any existing MS Group type 00000000-0000-0000-0000-000000000000" languagecode="1033" />
  </description>
  <displayname default="Group ObjectID for Service Desk Planner">
    <label description="Group ObjectID for Service Desk Planner" languagecode="1033" />
  </displayname>
  <introducedversion>1.0.0.3</introducedversion>
  <iscustomizable>1</iscustomizable>
  <isrequired>0</isrequired>
  <secretstore>0</secretstore>
  <type>100000000</type>
</environmentvariabledefinition>